{
    "faces": [42,0,1,2,0,0,0,0,0,1,2,42,3,4,5,0,0,0,0,3,4,5,42,6,7,8,0,0,0,0,6,6,6,42,6,9,7,0,0,0,0,6,6,6,42,10,11,12,0,0,0,0,7,7,7,42,10,13,11,0,0,0,0,7,7,7,42,14,15,16,1,0,0,0,8,8,8,42,17,18,19,1,0,0,0,9,9,9,42,20,21,14,1,0,0,0,8,10,8,42,16,20,14,1,0,0,0,8,8,8,42,22,23,17,1,0,0,0,9,9,9,42,19,22,17,1,0,0,0,9,9,9,42,24,3,5,1,0,0,0,11,3,5,42,24,25,3,1,0,0,0,11,12,3,42,26,3,25,1,0,0,0,13,3,12,42,26,4,3,1,0,0,0,13,4,3,42,27,4,26,1,0,0,0,14,4,13,42,28,29,30,1,0,0,0,15,16,15,42,28,31,29,1,0,0,0,15,16,16,42,32,29,31,1,0,0,0,17,16,16,42,31,33,32,1,0,0,0,16,17,17,42,34,35,36,1,0,0,0,18,18,19,42,34,37,35,1,0,0,0,18,19,18,42,38,39,40,1,0,0,0,20,20,20,42,38,41,39,1,0,0,0,20,20,20,42,42,43,44,1,0,0,0,21,21,21,42,42,45,43,1,0,0,0,21,21,21,42,2,46,0,1,0,0,0,2,22,0,42,2,47,46,1,0,0,0,2,23,22,42,48,47,2,1,0,0,0,24,23,2,42,2,1,48,1,0,0,0,2,1,24,42,49,48,1,1,0,0,0,25,24,1],
    "materials": [{
        "colorDiffuse": [0.8,0.8,0.8],
        "colorSpecular": [0.5,0.5,0.5],
        "DbgColor": 15597568,
        "blending": "NormalBlending",
        "mapDiffuse": "porygon_0_0.jpg",
        "depthWrite": true,
        "specularCoef": 49,
        "DbgIndex": 1,
        "colorEmissive": [0,0,0],
        "wireframe": false,
        "mapDiffuseAnisotropy": 1,
        "visible": true,
        "opacity": 1,
        "mapDiffuseRepeat": [1,1],
        "colorAmbient": [0,0,0],
        "DbgName": "mat_0.017",
        "shading": "phong",
        "mapDiffuseWrap": ["RepeatWrapping","RepeatWrapping"],
        "transparent": true,
        "depthTest": true
    },{
        "colorDiffuse": [0.8,0.8,0.8],
        "colorSpecular": [0.5,0.5,0.5],
        "DbgColor": 15658734,
        "blending": "NormalBlending",
        "mapDiffuse": "porygon_0_1.jpg",
        "depthWrite": true,
        "specularCoef": 49,
        "DbgIndex": 0,
        "colorEmissive": [0,0,0],
        "wireframe": false,
        "mapDiffuseAnisotropy": 1,
        "visible": true,
        "opacity": 1,
        "mapDiffuseRepeat": [1,1],
        "colorAmbient": [0,0,0],
        "DbgName": "mat_1.014",
        "shading": "phong",
        "mapDiffuseWrap": ["RepeatWrapping","RepeatWrapping"],
        "transparent": true,
        "depthTest": true
    }],
    "metadata": {
        "faces": 32,
        "version": 3,
        "type": "Geometry",
        "generator": "io_three",
        "vertices": 50,
        "normals": 26,
        "materials": 2,
        "uvs": 1
    },
    "vertices": [-1.10266,1.1879,1.12616,-0.58185,2.33737,0.48327,-0.907359,1.71833,0.338678,0.841986,1.71833,0.338679,0.516477,2.33737,0.48327,1.03729,1.1879,1.12616,-1.10266,1.1879,1.12616,0.516477,2.33737,0.48327,-0.58185,2.33737,0.48327,1.03729,1.1879,1.12616,1.03729,1.1879,1.12616,-0.78607,0.435715,0.369437,0.720697,0.435715,0.369437,-1.10266,1.1879,1.12616,-1.10266,1.1879,-1.33618,-0.78607,0.435716,-1.33618,-0.78607,0.435715,0.369437,0.720697,0.435715,0.369437,0.720697,0.435716,-1.33618,1.03729,1.1879,-1.33618,-1.10266,1.1879,1.12616,-1.10266,1.1879,0.251923,1.03729,1.1879,0.251923,1.03729,1.1879,1.12616,1.03729,1.1879,0.251923,1.03729,1.1879,-1.33618,0.711288,1.7299,-1.33393,0.320974,2.56099,-0.169138,0.711288,1.7299,-1.33393,-1.10266,1.1879,-1.33618,-0.77666,1.7299,-1.33393,1.03729,1.1879,-1.33618,-0.78607,0.435716,-1.33618,0.720697,0.435716,-1.33618,-0.78607,0.435716,-1.33618,0.720697,0.435715,0.369437,-0.78607,0.435715,0.369437,0.720697,0.435716,-1.33618,0.320974,2.56099,-0.169138,-0.58185,2.33737,0.48327,0.516477,2.33737,0.48327,-0.386347,2.56099,-0.169138,-0.77666,1.7299,-1.33393,0.320974,2.56099,-0.169138,0.711288,1.7299,-1.33393,-0.386347,2.56099,-0.169138,-1.10266,1.1879,0.251923,-1.10266,1.1879,-1.33618,-0.77666,1.7299,-1.33393,-0.386347,2.56099,-0.169138],
    "uvs": [[0,0]],
    "normals": [-0.919492,0.39143,0.035615,-0.876003,0.481368,-0.029359,-0.904782,0.425794,0.00412,0.904782,0.425794,0.00412,0.876003,0.481368,-0.029359,0.919492,0.39143,0.035615,0,0.488113,0.872768,0,-0.70922,0.704947,-0.921659,-0.387921,0,0.921659,-0.387921,0,0.053377,-0.998566,0,0.938383,0.3455,0,0.875179,0.481155,-0.050325,0.85876,0.508072,-0.066103,0.854366,0.513413,-0.08002,0,0.004151,-0.999969,0,0.001923,-0.999969,0,0,-1,0,-0.999969,0,0,-1,0,0,0.945952,0.324229,0,0.81402,-0.580798,-0.938383,0.3455,0,-0.875179,0.481155,-0.050325,-0.85876,0.508072,-0.066103,-0.854366,0.513413,-0.08002],
    "name": "porygon.001Geometry"
}