{
    "metadata": {
        "normals": 26,
        "uvs": 1,
        "faces": 48,
        "vertices": 26,
        "type": "Geometry",
        "generator": "io_three",
        "materials": 5,
        "version": 3
    },
    "normals": [0.637318,0.592547,-0.49263,0.991363,0.131138,0,0.677633,0.087527,-0.730125,0.621357,0.783502,0,0.637318,0.592547,0.49263,0.677633,0.087527,0.730125,-0.991363,0.131138,0,-0.637318,0.592547,-0.49263,-0.677633,0.087527,-0.730125,-0.621357,0.783502,0,-0.637318,0.592547,0.49263,-0.677633,0.087527,0.730125,0.706168,-0.473281,-0.526566,0.705496,-0.708701,0,0.706168,-0.473281,0.526566,-0.706168,-0.473281,-0.526566,-0.705496,-0.708701,0,-0.706168,-0.473281,0.526566,0,0.926145,0.377148,0,0.926145,-0.377148,0,0.403912,-0.914762,0,-0.372051,-0.92819,0,-0.923551,-0.383435,0,-0.372051,0.92819,0,0.403912,0.914792,0,-0.923551,0.383435],
    "skinWeights": [],
    "skinIndices": [],
    "influencesPerVertex": 2,
    "uvs": [[0.85529,0.704248,0.5,0.006944,1,-0,0.487847,1.01042,0.148183,0.704248,-0,0.003472,0.503472,0.995815,0.85825,0.293542,1.0052,0.995815,0.503472,0.002651,0.148694,0.293542,0.001741,0.995815,0.017857,0.165451,0.026786,0.515695,0.977479,0.331704,0.026786,0.515277,0.977479,0.676528,0.017857,0.515277,-0.008929,0.849478,0.968551,0.98732,0.988117,0.373953,0.997056,0.991806,0.495624,0.65702,1.00256,0.361636,0.997069,1.00066,1.00256,0.32369,0.486695,0.659252,0.002079,0.32369,0.017072,1.0183,0.485356,0.654936,0.474195,0.652704,-0.001357,1.00066,-0.003974,0.341649,0.469731,-0.016421,0.495624,-0.009873,1.00256,0.348244,0.469731,-0.018653,0.474195,0.681722,-0.000153,0.334851,0.995536,0.655442,-0.01032,0.334821,0.000762,0.994692,0.995536,-0.001425]],
    "faces": [42,0,1,2,0,0,1,2,0,1,2,42,0,3,1,0,0,3,1,0,3,1,42,4,1,3,0,4,1,3,4,1,3,42,4,5,1,0,4,5,1,4,5,1,42,6,7,8,0,1,0,2,6,7,8,42,6,9,7,0,1,3,0,6,9,7,42,10,9,6,0,4,3,1,10,9,6,42,6,11,10,0,1,5,4,6,11,10,42,1,12,2,1,6,7,8,1,12,2,42,1,13,12,1,6,9,7,1,13,12,42,14,13,1,1,10,9,6,14,13,1,42,1,5,14,1,6,11,10,1,5,14,42,15,6,8,1,7,6,8,15,6,8,42,15,16,6,1,7,9,6,15,16,6,42,17,6,16,1,10,6,9,17,6,16,42,17,11,6,1,10,11,6,17,11,6,42,4,3,18,2,12,13,14,4,3,18,42,18,9,10,2,14,15,12,18,9,10,42,18,19,9,2,14,16,15,18,19,9,42,3,19,18,2,17,16,14,3,19,18,42,3,0,19,2,17,18,16,3,0,19,42,19,0,20,2,19,16,18,19,0,20,42,20,7,19,2,19,18,16,20,7,19,42,9,19,7,2,15,16,18,9,19,7,42,0,2,20,3,20,21,22,0,2,20,42,20,8,7,3,22,21,20,20,8,7,42,2,12,21,3,23,24,22,2,12,21,42,21,15,8,3,22,24,23,21,15,8,42,12,13,22,3,25,24,26,12,13,22,42,22,16,15,3,26,24,25,22,16,15,42,14,5,23,3,27,28,29,14,5,23,42,23,11,17,3,30,31,32,23,11,17,42,24,5,4,3,30,32,31,24,5,4,42,24,23,5,3,30,33,32,24,23,5,42,11,23,24,3,32,33,30,11,23,24,42,24,10,11,3,30,31,32,24,10,11,42,21,20,2,3,22,34,35,21,20,2,42,21,8,20,3,22,35,34,21,8,20,42,24,18,10,3,36,37,38,24,18,10,42,24,4,18,3,36,38,37,24,4,18,42,23,25,14,3,30,33,27,23,25,14,42,23,17,25,3,30,27,33,23,17,25,42,22,21,12,3,22,34,25,22,21,12,42,22,15,21,3,22,25,34,22,15,21,42,25,13,14,4,39,40,41,25,13,14,42,25,22,13,4,39,42,40,25,22,13,42,16,22,25,4,40,42,39,16,22,25,42,25,17,16,4,39,41,40,25,17,16],
    "vertices": [0.677039,0.922317,-0.898861,1.27461,2e-06,0,0.867601,3e-06,-1.28338,0.589038,1.30435,0,0.677039,0.922316,0.898861,0.867601,2e-06,1.28338,-1.27461,1e-06,0,-0.677043,0.922317,-0.898861,-0.867601,3e-06,-1.28338,-0.589042,1.30435,0,-0.677043,0.922316,0.898861,-0.867601,1e-06,1.28338,0.96539,-0.922316,-0.916109,0.970881,-1.30435,-0,0.96539,-0.922317,0.916109,-0.965397,-0.922316,-0.916109,-0.970881,-1.30435,-0,-0.965397,-0.922317,0.916109,-2e-06,1.43504,0.595253,-2e-06,1.43504,-0.595251,-2e-06,0.595791,-1.44406,-2e-06,-0.662615,-1.46974,-2e-06,-1.53149,-0.614392,-2e-06,-0.662617,1.46974,-2e-06,0.595789,1.44406,-2e-06,-1.53149,0.614389],
    "materials": [{
        "transparent": true,
        "blending": "NormalBlending",
        "colorDiffuse": [0.8,0.8,0.8],
        "colorSpecular": [0.5,0.5,0.5],
        "mapDiffuseAnisotropy": 1,
        "mapDiffuseWrap": ["RepeatWrapping","RepeatWrapping"],
        "depthWrite": true,
        "mapDiffuseRepeat": [1,1],
        "DbgIndex": 4,
        "visible": true,
        "shading": "phong",
        "colorEmissive": [0,0,0],
        "opacity": 1,
        "DbgName": "mat_0.023",
        "depthTest": true,
        "specularCoef": 49,
        "colorAmbient": [0,0,0],
        "DbgColor": 15658496,
        "wireframe": false,
        "mapDiffuse": "sand_0_0.jpg"
    },{
        "transparent": true,
        "blending": "NormalBlending",
        "colorDiffuse": [0.8,0.8,0.8],
        "colorSpecular": [0.5,0.5,0.5],
        "mapDiffuseAnisotropy": 1,
        "mapDiffuseWrap": ["RepeatWrapping","RepeatWrapping"],
        "depthWrite": true,
        "mapDiffuseRepeat": [1,1],
        "DbgIndex": 2,
        "visible": true,
        "shading": "phong",
        "colorEmissive": [0,0,0],
        "opacity": 1,
        "DbgName": "mat_1.018",
        "depthTest": true,
        "specularCoef": 49,
        "colorAmbient": [0,0,0],
        "DbgColor": 60928,
        "wireframe": false,
        "mapDiffuse": "sand_0_1.jpg"
    },{
        "transparent": true,
        "blending": "NormalBlending",
        "colorDiffuse": [0.8,0.8,0.8],
        "colorSpecular": [0.5,0.5,0.5],
        "mapDiffuseAnisotropy": 1,
        "mapDiffuseWrap": ["RepeatWrapping","RepeatWrapping"],
        "depthWrite": true,
        "mapDiffuseRepeat": [1,1],
        "DbgIndex": 1,
        "visible": true,
        "shading": "phong",
        "colorEmissive": [0,0,0],
        "opacity": 1,
        "DbgName": "mat_2.009",
        "depthTest": true,
        "specularCoef": 49,
        "colorAmbient": [0,0,0],
        "DbgColor": 15597568,
        "wireframe": false,
        "mapDiffuse": "sand_0_2.jpg"
    },{
        "transparent": true,
        "blending": "NormalBlending",
        "colorDiffuse": [0.8,0.8,0.8],
        "colorSpecular": [0.5,0.5,0.5],
        "mapDiffuseAnisotropy": 1,
        "mapDiffuseWrap": ["RepeatWrapping","RepeatWrapping"],
        "depthWrite": true,
        "mapDiffuseRepeat": [1,1],
        "DbgIndex": 3,
        "visible": true,
        "shading": "phong",
        "colorEmissive": [0,0,0],
        "opacity": 1,
        "DbgName": "mat_3.007",
        "depthTest": true,
        "specularCoef": 49,
        "colorAmbient": [0,0,0],
        "DbgColor": 238,
        "wireframe": false,
        "mapDiffuse": "sand_0_3.jpg"
    },{
        "transparent": true,
        "blending": "NormalBlending",
        "colorDiffuse": [0.8,0.8,0.8],
        "colorSpecular": [0.5,0.5,0.5],
        "mapDiffuseAnisotropy": 1,
        "mapDiffuseWrap": ["RepeatWrapping","RepeatWrapping"],
        "depthWrite": true,
        "mapDiffuseRepeat": [1,1],
        "DbgIndex": 0,
        "visible": true,
        "shading": "phong",
        "colorEmissive": [0,0,0],
        "opacity": 1,
        "DbgName": "mat_4.007",
        "depthTest": true,
        "specularCoef": 49,
        "colorAmbient": [0,0,0],
        "DbgColor": 15658734,
        "wireframe": false,
        "mapDiffuse": "sand_0_4.jpg"
    }],
    "name": "sandGeometry"
}